{"continuous_full_charge_seconds": 40179.325046777725, "last_checked_time": 1780810787.7522888, "maintenance_interval_seconds": 2592000, "last_notification_time": 1780810396.1570282}