{"continuous_full_charge_seconds": 78943.50085425377, "last_checked_time": 1780849551.9280963, "maintenance_interval_seconds": 2592000, "last_notification_time": 1780810396.1570282}